company_name,career_url,ats_hint,note
A Cloud Guru,https://www.a-cloud-guru.com/careers,,
Aaptiv,https://www.aaptiv.com/careers,,
Affirm Inc,https://www.affirm-inc.com/careers,,
Afterpay,https://www.afterpay.com/en-US/careers,,
Age of Learning,https://www.age-of-learning.com/careers,,
Anchorage Digital,https://www.anchorage-digital.com/careers,,
Arc (Browser Company),https://www.arc-browser-company.com/careers,,
Archer Aviation,https://www.archer-aviation.com/careers,,
Ashby (ATS),https://www.ashby-ats.com/careers,,
Bench Accounting,https://www.bench-accounting.com/careers,,
Better.com,https://better.com/careers,,
Beyond Meat,https://www.beyond-meat.com/careers,,
Blind,https://www.blind.com/careers,,
Block (Square),https://block.xyz/careers/jobs,SmartRecruiters,URL_FIXED
Box,https://www.box.com/en-us/about-us/careers,,
Branch (Earned Wage),https://www.branch-earned-wage.com/careers,,
Brandless,https://www.brandless.com/careers,,
Bread Financial,https://www.bread-financial.com/careers,,
Breezy HR,https://www.breezy-hr.com/careers,,
Brex Empower,https://www.brex-empower.com/careers,,
Building Engines,https://www.building-engines.com/careers,,
CAVA,https://www.cava.com/careers,,
Captable.io,https://www.captableio.com/careers,,
Carta Talent,https://www.carta-talent.com/careers,,
Carta Venture,https://www.carta-venture.com/careers,,
Chime Financial,https://www.chime-financial.com/careers,,
Clutch Kitchen,https://www.clutch-kitchen.com/careers,,
Compass,https://www.compass.com/careers/,,
Copy.ai,https://www.copyai.com/careers,,
Cron,https://www.cron.com/careers,,
Culture Amp HR,https://www.culture-amp-hr.com/careers,,
Current Banking,https://www.current-banking.com/careers,,
Deel HR,https://www.deel-hr.com/careers,,
Density,https://www.density.com/careers,,
Disney Streaming,https://www.disney-streaming.com/careers,,
Divvy Homes,https://www.divvy-homes.com/careers,,
Domain Money,https://www.domain-money.com/careers,,
DoorDash Storefront,https://www.doordash-storefront.com/careers,,
Eat Just,https://www.eat-just.com/careers,,
Eightfold AI,https://www.eightfold-ai.com/careers,,
Even (Earnin),https://www.even-earnin.com/careers,,
Even Financial,https://www.even-financial.com/careers,,
Expedia,https://careers.expedia.com,Workday,URL_FIXED
Experian Boost,https://www.experian-boost.com/careers,,
Factorial,https://www.factorial.com/careers,,
Fama,https://www.fama.com/careers,,
Felix Pago,https://www.felix-pago.com/careers,,
First Boulevard,https://www.first-boulevard.com/careers,,
Flock Freight,https://www.flock-freight.com/careers,,
Found Banking,https://www.found-banking.com/careers,,
Frame.io,https://www.frameio.com/careers,,
Greenhouse Software,https://www.greenhouse-software.com/careers,,
Greenlight Financial,https://www.greenlight-financial.com/careers,,
Greenwood,https://www.greenwood.com/careers,,
Gusto Wallet,https://www.gusto-wallet.com/careers,,
HBO Max,https://www.hbo-max.com/careers,,
Heap,https://www.heap.com/careers,,
Hightower,https://www.hightower.com/careers,,
Honeypot,https://www.honeypot.com/careers,,
Imperfect Foods,https://www.imperfect-foods.com/careers,,
Instant Financial,https://www.instant-financial.com/careers,,
Instantly,https://www.instantly.com/careers,,
Integral Ad Science,https://www.integral-ad-science.com/careers,,
Jasper,https://www.jasper.com/careers,,
Joby Aviation,https://www.joby-aviation.com/careers,,
KeepTruckin (Motive),https://www.keeptruckin-motive.com/careers,,
King (Activision),https://www.king-activision.com/careers,,
Kitchen United,https://www.kitchen-united.com/careers,,
Lambda School (BloomTech),https://www.lambda-school-bloomtech.com/careers,,
Lattice HR,https://www.lattice-hr.com/careers,,
Lemon.io,https://www.lemonio.com/careers,,
Lever TA,https://www.lever-ta.com/careers,,
Lili,https://www.lili.com/careers,,
Lime,https://www.lime.com/careers,,
M1 Finance,https://www.m1-finance.com/careers,,
Mailchimp,https://www.mailchimp.com/careers,,
Marcus by Goldman Sachs,https://www.marcus-by-goldman-sachs.com/careers,,
Mercury Banking,https://www.mercury-banking.com/careers,,
Method Financial,https://www.method-financial.com/careers,,
Mirror,https://www.mirror.com/careers,,
Mode Analytics,https://www.mode-analytics.com/careers,,
Motion,https://www.motion.com/careers,,
Nasdaq Private Market,https://www.nasdaq-private-market.com/careers,,
Notion Press,https://www.notion-press.com/careers,,
Origin,https://www.origin.com/careers,,
Oyster HR,https://www.oyster-hr.com/careers,,
Papaya Global,https://www.papaya-global.com/careers,,
Paramount+,https://www.paramount+.com/careers,,
Peacock,https://www.peacock.com/careers,,
Perfect Day,https://www.perfect-day.com/careers,,
Pika Labs,https://www.pika-labs.com/careers,,
Pilot.com,https://www.pilotcom.com/careers,,
Postpay,https://www.postpay.com/careers,,
Puzzle,https://www.puzzle.com/careers,,
Rakuten,https://rakuten.jobs/,,
Ramp Business,https://www.ramp-business.com/careers,,
Ramp Financial,https://www.ramp-financial.com/careers,,
Ramp Procurement,https://www.ramp-procurement.com/careers,,
Relativity Space,https://www.relativity-space.com/careers,,
Relay Financial,https://www.relay-financial.com/careers,,
Remote OAB,https://www.remote-oab.com/careers,,
Remote OK,https://www.remote-ok.com/careers,,
Republic,https://www.republic.com/careers,,
Ribbon,https://www.ribbon.com/careers,,
Riverside.fm,https://www.riversidefm.com/careers,,
Rocket Money,https://www.rocket-money.com/careers,,
Sakara Life,https://www.sakara-life.com/careers,,
Sequoia Consulting,https://www.sequoia-consulting.com/careers,,
Simple,https://www.simple.com/careers,,
Splendid Spoon,https://www.splendid-spoon.com/careers,,
Square,https://www.square.com/careers,,
Square POS,https://www.square-pos.com/careers,,
Synapse,https://www.synapse.com/careers,,
Synchrony,https://www.synchrony.com/careers,,
Tability,https://www.tability.com/careers,,
Tally,https://www.tally.com/careers,,
Tally Technologies,https://www.tally-technologies.com/careers,,
Teamblind,https://www.teamblind.com/careers,,
Tesla Energy,https://www.tesla-energy.com/careers,,
Toast POS,https://www.toast-pos.com/careers,,
Transit App,https://www.transit-app.com/careers,,
TriNet,https://www.trinet.com/careers,,
Trim,https://www.trim.com/careers,,
Triplebyte,https://www.triplebyte.com/careers,,
Tropic,https://www.tropic.com/careers,,
Truebill (Rocket Money),https://www.truebill-rocket-money.com/careers,,
Truework,https://www.truework.com/careers,,
Varo Bank,https://www.varo-bank.com/careers,,
Veho,https://www.veho.com/careers,,
Velocity Global,https://www.velocity-global.com/careers,,
Voltage Park,https://www.voltage-park.com/careers,,
We Work Remotely,https://www.we-work-remotely.com/careers,,
Wise Transfer,https://www.wise-transfer.com/careers,,
Wyze,https://www.wyze.com/careers,,
Xata,https://www.xata.com/careers,,
Zip Co,https://www.zip-co.com/careers,,
dbt Labs,https://www.dbt-labs.com/careers,,
ironSource,https://www.ironsource.com/careers,,
ADP,https://jobs.adp.com,Workday,URL_FIXED
Adept AI,https://www.adept.ai/careers,,
Akiflow,https://www.akiflow.com/careers,,
Albert,https://www.albert.com/careers,,
Aleph Farms,https://www.aleph-farms.com/careers,,
AllTrails,https://www.alltrails.com/careers,,
Aspiration,https://www.aspiration.com/careers,,
Atlassian,https://www.atlassian.com/company/careers,,
Avant,https://www.avant.com/careers/,,
BentoBox,https://www.bentobox.com/careers,,
Betterworks,https://www.betterworks.com/careers,,
Blue Apron,https://www.blue-apron.com/careers,,
Bonsai,https://www.bonsai.com/careers,,
Bonusly,https://www.bonusly.com/careers,,
Boom Supersonic,https://www.boom-supersonic.com/careers,,
Cake Equity,https://www.cake-equity.com/careers,,
Canva,https://www.canva.com/careers/,,
Cap Table,https://www.cap-table.com/careers,,
CarMax,https://www.carmax.com/careers,,
Care.com,https://www.care.com/en-us/about/careers,,
Carvana,https://www.carvana.com/careers,Workday,URL_FIXED
Chainalysis,https://www.chainalysis.com/careers,,
Cheese,https://www.cheese.com/careers,,
Chegg,https://careers.chegg.com/,,
Chorus.ai,https://www.chorusai.com/careers,,
Circle,https://www.circle.com/careers,,
Citymapper,https://www.citymapper.com/careers,,
Clari,https://www.clari.com/careers,,
Clearbit,https://www.clearbit.com/careers,,
Clearcover,https://www.clearcover.com/careers,,
Clio,https://www.clio.com/careers,,
Clover,https://www.clover.com/careers,,
Coda,https://coda.io/about/jobs,,
CodeSignal,https://www.codesignal.com/careers,,
Codility,https://www.codility.com/careers,,
Composer,https://www.composer.com/careers,,
Convex,https://www.convex.com/careers,,
Convoy,https://convoy.com/careers/,,
CoverWallet,https://www.coverwallet.com/careers,,
Craft.io,https://www.craftio.com/careers,,
Crossover,https://www.crossover.com/careers,,
Cruise,https://www.cruise.com/careers,,
Daily Harvest,https://www.daily-harvest.com/careers,,
Datavant,https://www.datavant.com/careers,,
Deliverr,https://www.deliverr.com/careers,,
DoNotPay,https://www.donotpay.com/careers,,
DocSend,https://www.docsend.com/careers,,
DoorDash,https://careers.doordash.com,Greenhouse,URL_FIXED
Drift,https://www.drift.com/careers,,
Dubsado,https://www.dubsado.com/careers,,
EarnUp,https://www.earnup.com/careers,,
Ecobee,https://www.ecobee.com/careers,,
EdgeDB,https://www.edgedb.com/careers,,
Etsy,https://careers.etsy.com/,,
Eufy,https://www.eufy.com/careers,,
EveryPlate,https://www.everyplate.com/careers,,
Fellow.app,https://www.fellowapp.com/careers,,
Fishbowl,https://www.fishbowl.com/careers,,
Fiverr,https://www.fiverr.com/jobs,,
FlexWage,https://www.flexwage.com/careers,,
Fly.io,https://www.flyio.com/careers,,
Flyhomes,https://www.flyhomes.com/careers,,
Gem,https://www.gem.com/careers,,
Getaround,https://www.getaround.com/careers,,
Gobble,https://www.gobble.com/careers,,
Gong,https://www.gong.com/careers,,
GoodHire,https://www.goodhire.com/careers,,
GoodRx,https://www.goodrx.com/jobs,,
Groq,https://www.groq.com/careers,,
Guild Education,https://www.guildeducation.com/careers/,,
Gun.io,https://www.gunio.com/careers,,
HashiCorp,https://www.hashicorp.com/careers,,
Height,https://www.height.com/careers,,
HiBob,https://www.hibob.com/careers,,
Hired,https://www.hired.com/careers,,
ImpactVision,https://www.impactvision.com/careers,,
Increase,https://www.increase.com/careers,,
Insperity,https://www.insperity.com/careers,,
Ironclad,https://www.ironclad.com/careers,,
Klarna,https://www.klarna.com/careers/,,
Komoot,https://www.komoot.com/careers,,
Lambda Labs,https://www.lambda-labs.com/careers,,
Layr,https://www.layr.com/careers,,
Levels.fyi,https://www.levelsfyi.com/careers,,
Linktree,https://www.linktree.com/careers,,
Madkudu,https://www.madkudu.com/careers,,
Majority,https://www.majority.com/careers,,
Measurabl,https://www.measurabl.com/careers,,
Mercoa,https://www.mercoa.com/careers,,
Metromile,https://www.metromile.com/careers,,
Monday.com,https://monday.com/jobs,,
Moomoo,https://www.moomoo.com/careers,,
Motivosity,https://www.motivosity.com/careers,,
Multiplier,https://www.multiplier.com/careers,,
Mynd,https://www.mynd.com/careers,,
Namely,https://www.namely.com/careers,,
Next Insurance,https://www.next-insurance.com/careers,,
Northflank,https://www.northflank.com/careers,,
Notable Health,https://www.notable-health.com/careers,,
Notco,https://www.notco.com/careers,,
Nuvocargo,https://www.nuvocargo.com/careers,,
Offerpad,https://www.offerpad.com/careers/,,
Onfido,https://www.onfido.com/careers,,
Onfleet,https://www.onfleet.com/careers,,
OnlyFans,https://www.onlyfans.com/careers,,
Opendoor,https://www.opendoor.com/w/careers,,
Otta,https://www.otta.com/careers,,
Pinwheel,https://www.pinwheel.com/careers,,
PlanGrid,https://www.plangrid.com/careers,,
Policygenius,https://www.policygenius.com/careers,,
Postmates,https://www.postmates.com/careers,,
Procore,https://careers.procore.com/,,
ProdPad,https://www.prodpad.com/careers,,
Productboard,https://www.productboard.com/careers,,
Pymetrics,https://www.pymetrics.com/careers,,
Qapital,https://www.qapital.com/careers,,
Quizlet,https://quizlet.com/jobs,,
Rapid7,https://www.rapid7.com/company/careers/,,
Reclaim.ai,https://www.reclaimai.com/careers,,
Reef Technology,https://www.reef-technology.com/careers,,
Retool,https://retool.com/careers,,
Revolut,https://www.revolut.com/en-US/careers,,
Rippling HR,https://www.rippling-hr.com/careers,,
Roadmunk,https://www.roadmunk.com/careers,,
Routific,https://www.routific.com/careers,,
SAP,https://jobs.sap.com,SuccessFactors,URL_FIXED
Salesforce,https://careers.salesforce.com,Workday,URL_FIXED
SeedInvest,https://www.seedinvest.com/careers,,
Seismic,https://www.seismic.com/careers,,
Sendwave,https://www.sendwave.com/careers,,
ServiceNow,https://careers.servicenow.com,Workday,URL_FIXED
Shift Technologies,https://www.shift-technologies.com/careers,,
ShipBob,https://www.shipbob.com/careers/,,
ShipHero,https://www.shiphero.com/careers,,
Shopify,https://www.shopify.com/careers,Lever,URL_FIXED
Smartlead,https://www.smartlead.com/careers,,
Snap,https://careers.snap.com/,,
Snap Finance,https://www.snap-finance.com/careers,,
Soldo,https://www.soldo.com/careers,,
SoundCloud,https://www.soundcloud.com/careers,,
SpaceX,https://www.spacex.com/careers,,
Split,https://www.split.com/careers,,
Spotii,https://www.spotii.com/careers,,
Step,https://www.step.com/careers,,
Sunbasket,https://www.sunbasket.com/careers,,
Synthesis,https://www.synthesis.com/careers,,
Tabby,https://www.tabby.com/careers,,
Tableau,https://www.tableau.com/careers,,
Tesla,https://www.tesla.com/careers,Workday,URL_FIXED
ThredUp,https://www.thredup.com/pg/careers,,
Tidal,https://www.tidal.com/careers,,
Tradier,https://www.tradier.com/careers,,
Tred,https://www.tred.com/careers,,
Trello,https://www.trello.com/careers,,
Trupay,https://www.trupay.com/careers,,
Tubi,https://www.tubi.com/careers,,
Turo,https://turo.com/us/en/careers,,
Turso,https://www.turso.com/careers,,
Unit21,https://www.unit21.com/careers,,
Unity,https://www.unity.com/careers,,
VRBO,https://www.vrbo.com/en-us/p/careers,,
Vagaro,https://www.vagaro.com/careers,,
Vendr,https://www.vendr.com/careers,,
Vested,https://www.vested.com/careers,,
Vettery,https://www.vettery.com/careers,,
Vopay,https://www.vopay.com/careers,,
Vouch Insurance,https://www.vouch-insurance.com/careers,,
Vroom,https://www.vroom.com/careers,,
Wagestream,https://www.wagestream.com/careers,,
Warmly,https://www.warmly.com/careers,,
Wayfair,https://www.wayfair.com/careers/,,
Webull,https://www.webull.com/careers,,
Wefunder,https://www.wefunder.com/careers,,
Wellfound,https://www.wellfound.com/careers,,
Wellhub,https://www.wellhub.com/careers,,
Welltok,https://www.welltok.com/careers,,
Whatnot,https://www.whatnot.com/careers,,
Wise,https://www.wise.jobs/,,
WorkTango,https://www.worktango.com/careers,,
WorldRemit,https://www.worldremit.com/careers,,
X-Team,https://www.x-team.com/careers,,
Yodlee,https://www.yodlee.com/careers,,
Yokoy,https://www.yokoy.com/careers,,
Zencargo,https://www.zencargo.com/careers,,
Zenefits,https://www.zenefits.com/careers,,
Zillow,https://www.zillow.com/careers/,,
Zynga,https://www.zynga.com/careers,,
ezCater,https://www.ezcater.com/careers,,
