company_name,career_url,tenant,instance,evidence
3M,https://www.3m.com/3M/en_US/careers-us/,,,error:Page.goto: net::ERR_HTTP2_PROTOCOL_ERROR at https://www.3m.com/3M/en_US/careers-
Abbott,https://www.jobs.abbott,abbott,wd5,page_load
AbbVie,https://careers.abbvie.com,,,not_found
Accenture,https://www.accenture.com/us-en/careers,accenture,wd103,page_load
Adobe,https://careers.adobe.com,adobe,wd5,page_load
Aflac,https://careers.aflac.com,,,not_found
Agilent,https://jobs.agilent.com,,,"error:Page.goto: net::ERR_NAME_NOT_RESOLVED at https://jobs.agilent.com/
Call log:
  -"
Agnico Eagle Mines,https://agnicoeagle.com/careers,,,not_found
AIG,https://careers.aig.com,,,"error:Page.goto: net::ERR_NAME_NOT_RESOLVED at https://careers.aig.com/
Call log:
  - "
Air Products,https://www.airproducts.com/company/careers,airproducts,wd5,page_load
Alcon,https://www.alcon.com/careers,alcon,wd5,page_load
Allstate,https://careers.allstate.com,,,"error:Page.goto: net::ERR_NAME_NOT_RESOLVED at https://careers.allstate.com/
Call log:"
Alnylam Pharma,https://www.alnylam.com/careers,,,not_found
Altria,https://careers.altria.com,,,not_found
Ambev,https://www.ambev.com.br/carreiras/,,,not_found
AMD,https://careers.amd.com,,,not_found
Ameren,https://ameren.com/careers,ameren,wd1,page_load
American Electric Power,https://aep.com/careers,aep,wd1,page_load
American Express,https://careers.americanexpress.com,,,not_found
American Tower,https://careers.americantower.com,,,not_found
Ameriprise Financial,https://www.ameriprise.com/careers,,,not_found
AMETEK,https://www.ametek.com/careers,,,not_found
Amgen,https://careers.amgen.com,amgen,wd1,page_load
Amphenol,https://careers.amphenol.com,,,"error:Page.goto: net::ERR_NAME_NOT_RESOLVED at https://careers.amphenol.com/
Call log:"
Analog Devices,https://www.analog.com/en/about-adi/careers.html,analogdevices,wd1,page_load
AngloGold Ashanti,https://www.anglogoldashanti.com/careers,,,not_found
Anheuser-Busch InBev,https://careers.ab-inbev.com,,,"error:Page.goto: net::ERR_NAME_NOT_RESOLVED at https://careers.ab-inbev.com/
Call log:"
Aon,https://careers.aon.com,,,"error:Page.goto: net::ERR_NAME_NOT_RESOLVED at https://careers.aon.com/
Call log:
  - "
Apollo Global Mgmt,https://www.apollo.com/careers,athene,wd5,page_load
Applied Materials,https://careers.appliedmaterials.com,,,not_found
ArcelorMittal,https://careers.arcelormittal.com,,,"error:Page.goto: net::ERR_NAME_NOT_RESOLVED at https://careers.arcelormittal.com/
Call"
Arch Capital,https://www.archcapgroup.com/careers,archgroup,wd1,page_load
Archer-Daniels-Midland,https://careers.adm.com,,,not_found
Ares Management,https://www.aresmgmt.com/careers,aresmgmt,wd1,followed:https://www.ares.com/us/careers
argenx,https://www.argenx.com/careers,argenx,wd3,page_load
Arista Networks,https://www.arista.com/en/careers,,,not_found
Arm Holdings,https://careers.arm.com,,,not_found
Arthur J. Gallagher,https://careers.ajg.com,,,not_found
ASML,https://www.asml.com/en/careers,,,not_found
AstraZeneca,https://careers.astrazeneca.com,,,not_found
AT&T,https://www.att.jobs,att,wd1,page_load
Atmos Energy,https://careers.atmosenergy.com,,,"error:Page.goto: net::ERR_NAME_NOT_RESOLVED at https://careers.atmosenergy.com/
Call l"
Autodesk,https://www.autodesk.com/careers,,,not_found
AutoZone,https://careers.autozone.com,,,not_found
Baker Hughes,https://careers.bakerhughes.com,bakerhughes,wd5,page_load
Bank of America,https://careers.bankofamerica.com,ghr,wd1,page_load
Bank of Montreal,https://jobs.bmo.com,bmo,wd3,page_load
Bank of Nova Scotia,https://jobs.scotiabank.com,,,not_found
Barclays,https://search.jobs.barclays,barclays,wd3,page_load
Barrick Mining,https://www.barrick.com/careers,,,not_found
Becton Dickinson,https://jobs.bd.com,bdx,wd1,page_load
BeOne Medicines,https://beonemedicines.com/careers/,beigene,wd5,page_load
BHP Group,https://www.bhp.com/careers,,,"error:Page.goto: net::ERR_HTTP2_PROTOCOL_ERROR at https://www.bhp.com/careers
Call log"
Biogen,https://www.biogen.com/careers,biibhr,wd3,page_load
BlackRock,https://careers.blackrock.com,,,not_found
Blackstone,https://www.blackstone.com/careers/,blackstone,wd1,page_load
Bloom Energy,https://www.bloomenergy.com/careers,bloomenergy,wd1,page_load
BNY Mellon,https://bny.com/careers,,,not_found
Booking Holdings,https://careers.bookingholdings.com,,,"error:Page.goto: net::ERR_NAME_NOT_RESOLVED at https://careers.bookingholdings.com/
Ca"
Boston Scientific,https://jobs.bostonscientific.com,,,not_found
BP,https://www.bp.com/careers,,,not_found
Bristol-Myers Squibb,https://careers.bms.com,bristolmyerssquibb,wd5,page_load
British American Tobacco,https://www.bat.com/careers,,,not_found
Broadcom,https://careers.broadcom.com,,,"error:Page.goto: net::ERR_NAME_NOT_RESOLVED at https://careers.broadcom.com/
Call log:"
Brookfield Asset Mgmt,https://www.brookfield.com/careers,brookfield,wd5,followed:https://www.brookfield.com/careers/career-opportunities
Brookfield Corp,https://www.brookfield.com/careers,brookfield,wd5,followed:https://www.brookfield.com/careers/career-opportunities
Cadence Design,https://www.cadence.com/en_US/home/company/careers.html,cadence,wd1,page_load
Cameco,https://www.cameco.com/careers,,,not_found
Canadian National Rail,https://www.cn.ca/en/careers/,,,not_found
Canadian Natural Res,https://www.cnrl.com/careers,,,not_found
Canadian Pacific KC,https://careers.cpkcr.com,,,"error:Page.goto: net::ERR_CERT_COMMON_NAME_INVALID at https://careers.cpkcr.com/
Call "
Capital One,https://www.capitalonecareers.com,capitalone,wd12,page_load
Cardinal Health,https://jobs.cardinalhealth.com,,,"error:Page.eval_on_selector_all: TypeError: h.includes is not a function
    at eval ("
Carnival,https://jobs.carnival.com,,,not_found
Carrier Global,https://careers.carrier.com,,,not_found
Casey's General Stores,https://careers.caseys.com,,,"error:Page.goto: net::ERR_NAME_NOT_RESOLVED at https://careers.caseys.com/
Call log:
 "
Caterpillar,https://careers.caterpillar.com,,,not_found
Cboe Global Markets,https://careers.cboe.com,,,not_found
CBRE Group,https://careers.cbre.com,,,not_found
Celestica,https://www.celestica.com/careers,,,not_found
Cencora,https://careers.cencora.com,,,not_found
Cenovus Energy,https://careers.cenovus.com,,,"error:Page.goto: net::ERR_NAME_NOT_RESOLVED at https://careers.cenovus.com/
Call log:
"
Centene,https://jobs.centene.com,centene,wd5,page_load
CenterPoint Energy,https://jobs.centerpointenergy.com,,,"error:Page.goto: Timeout 25000ms exceeded.
Call log:
  - navigating to ""https://jobs.c"
Charles Schwab,https://www.schwab.com/careers,,,not_found
Cheniere Energy,https://careers.cheniere.com,,,"error:Page.goto: net::ERR_NAME_NOT_RESOLVED at https://careers.cheniere.com/
Call log:"
Cheniere Energy Partners,https://careers.cheniere.com,,,"error:Page.goto: net::ERR_NAME_NOT_RESOLVED at https://careers.cheniere.com/
Call log:"
Chevron,https://www.chevron.com/careers,,,not_found
Chipotle,https://jobs.chipotle.com,,,not_found
Chubb,https://careers.chubb.com,,,not_found
CIBC,https://www.cibc.com/en/about-cibc/careers.html,,,error:Page.goto: net::ERR_HTTP2_PROTOCOL_ERROR at https://www.cibc.com/en/about-cibc/c
Ciena,https://careers.ciena.com,ciena,wd5,page_load
Cigna,https://jobs.cigna.com,cigna,wd5,page_load
Cintas,https://careers.cintas.com,,,not_found
Cisco,https://jobs.cisco.com,,,not_found
Citigroup,https://careers.citi.com,,,"error:Page.goto: net::ERR_CERT_COMMON_NAME_INVALID at https://careers.citi.com/
Call l"
CME Group,https://careers.cmegroup.com,,,"error:Page.goto: net::ERR_NAME_NOT_RESOLVED at https://careers.cmegroup.com/
Call log:"
Coca-Cola,https://careers.coca-colacompany.com,,,not_found
Coca-Cola Europacific,https://careers.ccep.com,,,"error:Page.goto: net::ERR_NAME_NOT_RESOLVED at https://careers.ccep.com/
Call log:
  -"
Coherent,https://careers.coherent.com,,,"error:Page.goto: net::ERR_NAME_NOT_RESOLVED at https://careers.coherent.com/
Call log:"
Colgate-Palmolive,https://jobs.colgate.com,,,not_found
Comcast,https://jobs.comcast.com,comcast,wd5,page_load
Comfort Systems USA,https://www.comfortsystemsusa.com/careers,comfortsystemsusa,wd1,page_load
ConocoPhillips,https://careers.conocophillips.com,conocophillips,wd1,page_load
Consolidated Edison,https://careers.coned.com,,,not_found
Constellation Energy,https://careers.constellationenergy.com,,,error:Page.goto: net::ERR_NAME_NOT_RESOLVED at https://careers.constellationenergy.com
Copart,https://www.copart.com/content/us/en/careers,,,not_found
Corning,https://www.corning.com/worldwide/en/careers.html,,,not_found
Corteva,https://careers.corteva.com,,,not_found
CRH,https://www.crh.com/careers,,,not_found
CrowdStrike,https://www.crowdstrike.com/en-us/careers/,crowdstrike,wd5,page_load
Crown Castle,https://careers.crowncastle.com,,,"error:Page.goto: net::ERR_NAME_NOT_RESOLVED at https://careers.crowncastle.com/
Call l"
CSX,https://jobs.csx.com,,,"error:Page.goto: net::ERR_NAME_NOT_RESOLVED at https://jobs.csx.com/
Call log:
  - nav"
Cummins,https://careers.cummins.com,,,not_found
Curtiss-Wright,https://www.curtisswright.com/careers,curtisswright,wd1,page_load
D.R. Horton,https://careers.drhorton.com,,,"error:Page.goto: net::ERR_NAME_NOT_RESOLVED at https://careers.drhorton.com/
Call log:"
Danaher,https://jobs.danaher.com,danaher,wd1,followed:https://jobs.danaher.com/global/en/danaher-corporate-careers
Deere,https://jobs.deere.com,,,not_found
Dell,https://jobs.dell.com,,,not_found
Delta Air Lines,https://www.deltaairlines.com/careers,,,"error:Page.goto: net::ERR_CONNECTION_REFUSED at https://www.deltaairlines.com/careers
"
Deutsche Bank,https://careers.db.com,,,not_found
Devon Energy,https://www.devonenergy.com/careers,,,not_found
DexCom,https://careers.dexcom.com,,,not_found
Diageo,https://www.diageo.com/en/careers,diageo,wd3,page_load
Diamondback Energy,https://careers.diamondbackenergy.com,,,"error:Page.goto: net::ERR_NAME_NOT_RESOLVED at https://careers.diamondbackenergy.com/
"
Digital Realty,https://careers.digitalrealty.com,,,not_found
Dominion Energy,https://careers.dominionenergy.com,,,not_found
Dover,https://www.dovercorporation.com/careers,,,not_found
DTE Energy,https://careers.dteenergy.com,,,not_found
Duke Energy,https://careers.duke-energy.com,,,"error:Page.goto: net::ERR_NAME_NOT_RESOLVED at https://careers.duke-energy.com/
Call l"
Eaton,https://careers.eaton.com,,,"error:Page.goto: net::ERR_NAME_NOT_RESOLVED at https://careers.eaton.com/
Call log:
  "
eBay,https://careers.ebayinc.com,,,not_found
EchoStar,https://careers.echostar.com,,,"error:Page.goto: net::ERR_NAME_NOT_RESOLVED at https://careers.echostar.com/
Call log:"
Ecolab,https://careers.ecolab.com,ecolab,wd1,page_load
Edison International,https://www.edisoninternational.com/careers,,,"error:Page.goto: Timeout 25000ms exceeded.
Call log:
  - navigating to ""https://www.ed"
Edwards Lifesciences,https://careers.edwards.com,,,"error:Page.goto: net::ERR_NAME_NOT_RESOLVED at https://careers.edwards.com/
Call log:
"
Electronic Arts,https://jobs.ea.com,,,not_found
Elevance Health,https://www.elevancehealth.com/careers,elevancehealth,wd1,page_load
Eli Lilly,https://careers.lilly.com,lilly,wd115,page_load
EMCOR Group,https://emcor.com/careers,,,not_found
Emerson Electric,https://www.emerson.com/en-us/careers,,,not_found
Enbridge,https://www.enbridge.com/careers,,,not_found
Energy Transfer,https://www.energytransfer.com/careers,,,not_found
Entergy,https://jobs.entergy.com,,,not_found
Enterprise Products,https://www.enterpriseproducts.com/careers,,,not_found
EOG Resources,https://careers.eogresources.com,,,not_found
EQT Corp,https://careers.eqt.com,,,"error:Page.goto: net::ERR_NAME_NOT_RESOLVED at https://careers.eqt.com/
Call log:
  - "
Equinix,https://careers.equinix.com,equinix,wd1,followed:https://careers.equinix.com/me/settings
Equinor,https://www.equinor.com/careers,equinor,wd3,page_load
Ericsson,https://www.ericsson.com/en/careers,,,not_found
Estee Lauder,https://careers.elcompanies.com,,,not_found
Exelon,https://careers.exeloncorp.com,,,not_found
Extra Space Storage,https://careers.extraspace.com,,,not_found
Fair Isaac (FICO),https://www.fico.com/en/careers,fico,wd1,page_load
Fastenal,https://careers.fastenal.com,,,not_found
FedEx,https://careers.fedex.com,,,not_found
Ferguson,https://careers.ferguson.com,,,"error:Page.goto: net::ERR_NAME_NOT_RESOLVED at https://careers.ferguson.com/
Call log:"
Fifth Third Bancorp,https://www.53.com/content/fifth-third/en/careers.html,,,not_found
First Solar,https://jobs.firstsolar.com,,,"error:Page.goto: net::ERR_NAME_NOT_RESOLVED at https://jobs.firstsolar.com/
Call log:
"
Fiserv,https://careers.fiserv.com,,,not_found
Flex,https://careers.flex.com,,,"error:Page.goto: net::ERR_NAME_NOT_RESOLVED at https://careers.flex.com/
Call log:
  -"
Ford Motor,https://careers.ford.com,,,not_found
Fortinet,https://www.fortinet.com/corporate/careers,,,not_found
Fortis,https://careers.fortisinc.com,,,"error:Page.goto: net::ERR_NAME_NOT_RESOLVED at https://careers.fortisinc.com/
Call log"
Franco-Nevada,https://www.franco-nevada.com/careers,,,not_found
Freeport-McMoRan,https://careers.fcx.com,,,"error:Page.goto: net::ERR_NAME_NOT_RESOLVED at https://careers.fcx.com/
Call log:
  - "
Garmin,https://careers.garmin.com,,,not_found
GE Aerospace,https://jobs.gecareers.com,,,"error:Page.goto: net::ERR_NAME_NOT_RESOLVED at https://jobs.gecareers.com/
Call log:
 "
GE HealthCare,https://careers.gehealthcare.com,gehc,wd5,page_load
GE Vernova,https://jobs.gecareers.com/vernova,,,"error:Page.goto: net::ERR_NAME_NOT_RESOLVED at https://jobs.gecareers.com/vernova
Call"
General Dynamics,https://www.gd.com/careers,,,not_found
General Motors,https://careers.gm.com,,,not_found
Gilead Sciences,https://www.gilead.com/careers,gilead,wd1,page_load
GLOBALFOUNDRIES,https://gf.com/careers,,,not_found
Gold Fields,https://careers.goldfields.com,,,not_found
Goldman Sachs,https://www.goldmansachs.com/careers,,,not_found
GSK,https://careers.gsk.com,,,"error:Page.goto: net::ERR_NAME_NOT_RESOLVED at https://careers.gsk.com/
Call log:
  - "
Haleon,https://www.haleon.com/careers,,,not_found
Halliburton,https://www.halliburton.com/en/careers,,,not_found
Hartford Insurance,https://www.thehartford.com/careers,,,"error:Page.goto: net::ERR_HTTP2_PROTOCOL_ERROR at https://www.thehartford.com/careers
"
HCA Healthcare,https://careers.hcahealthcare.com,,,not_found
HEICO,https://www.heico.com/careers,,,not_found
Hershey,https://careers.thehersheycompany.com,,,not_found
Hewlett Packard Ent,https://careers.hpe.com,hpe,wd5,followed:https://careers.hpe.com/us/en/c/engineering-qa-jobs
Hilton,https://jobs.hilton.com,,,not_found
Honeywell,https://careers.honeywell.com,,,not_found
Howmet Aerospace,https://careers.howmet.com,,,"error:Page.goto: net::ERR_NAME_NOT_RESOLVED at https://careers.howmet.com/
Call log:
 "
HSBC,https://www.hsbc.com/careers,,,not_found
Humana,https://careers.humana.com,humana,wd5,page_load
Huntington Bancshares,https://www.huntington.com/Careers,huntington,wd12,page_load
IBM,https://www.ibm.com/careers,,,not_found
IDEXX Labs,https://idexx.com/careers,idexx,wd1,page_load
Illinois Tool Works,https://careers.itw.com,,,not_found
Imperial Oil,https://www.imperialoil.ca/en-CA/company/careers,,,not_found
ING Groep,https://www.ing.jobs,,,not_found
Ingersoll Rand,https://careers.irco.com,,,not_found
Intel,https://jobs.intel.com,intel,wd1,page_load
Interactive Brokers,https://www.interactivebrokers.com/en/general/about/jobs.php,,,not_found
Intercontinental Exch,https://careers.intercontinentalexchange.com,,,"error:Page.goto: Timeout 25000ms exceeded.
Call log:
  - navigating to ""https://career"
Intuit,https://careers.intuit.com,,,not_found
Intuitive Surgical,https://careers.intuitive.com,,,not_found
IQVIA,https://jobs.iqvia.com,iqvia,wd1,page_load
Iron Mountain,https://careers.ironmountain.com,,,"error:Page.goto: net::ERR_NAME_NOT_RESOLVED at https://careers.ironmountain.com/
Call "
Jabil,https://jabil.com/careers,jabil,wd5,followed:https://careers.jabil.com/
Johnson & Johnson,https://jobs.jnj.com,jj,wd5,page_load
Johnson Controls,https://jobs.johnsoncontrols.com,jci,wd5,page_load
JPMorgan Chase,https://careers.jpmorgan.com,,,not_found
Kenvue,https://careers.kenvue.com,,,"error:Page.goto: net::ERR_NAME_NOT_RESOLVED at https://careers.kenvue.com/
Call log:
 "
Keurig Dr Pepper,https://careers.keurigdrpepper.com,,,not_found
Keysight,https://jobs.keysight.com,,,not_found
Kimberly-Clark,https://jobs.kimberly-clark.com,,,not_found
Kinder Morgan,https://www.kindermorgan.com/Careers/,,,not_found
Kinross Gold,https://careers.kinross.com,,,error:Page.goto: net::ERR_SSL_VERSION_OR_CIPHER_MISMATCH at https://careers.kinross.co
KKR,https://www.kkr.com/careers,,,not_found
KLA,https://www.kla.com/careers,kla,wd1,page_load
Kroger,https://jobs.kroger.com,,,not_found
L3Harris,https://careers.l3harris.com,,,not_found
Lam Research,https://careers.lamresearch.com,,,not_found
Las Vegas Sands,https://jobs.lasvegassands.com,,,"error:Page.goto: net::ERR_NAME_NOT_RESOLVED at https://jobs.lasvegassands.com/
Call lo"
Linde,https://jobs.linde.com,,,"error:Page.goto: net::ERR_NAME_NOT_RESOLVED at https://jobs.linde.com/
Call log:
  - n"
Live Nation,https://www.livenationentertainment.com/careers,livenation,wd503,page_load
Lloyds Banking,https://www.lloydsbankinggroup.com/careers.html,lbg,wd3,page_load
Lockheed Martin,https://www.lockheedmartinjobs.com,,,not_found
Lowe's,https://careers.lowes.com,,,"error:Page.goto: net::ERR_CONNECTION_RESET at https://careers.lowes.com/
Call log:
  -"
Lumentum,https://www.lumentum.com/en/careers,lumentum,wd5,page_load
M&T Bank,https://careers.mtb.com,,,"error:Page.goto: net::ERR_CONNECTION_REFUSED at https://careers.mtb.com/
Call log:
  -"
MACOM Technology,https://www.macom.com/careers,,,not_found
Manulife Financial,https://jobs.manulife.com,,,"error:Page.goto: net::ERR_CONNECTION_REFUSED at https://jobs.manulife.com/
Call log:
 "
Marathon Petroleum,https://careers.marathonpetroleum.com,,,"error:Page.goto: net::ERR_NAME_NOT_RESOLVED at https://careers.marathonpetroleum.com/
"
Marriott,https://careers.marriott.com,,,not_found
Marsh & McLennan,https://careers.mmc.com,,,not_found
Martin Marietta,https://careers.martinmarietta.com,,,"error:Page.goto: net::ERR_NAME_NOT_RESOLVED at https://careers.martinmarietta.com/
Cal"
Marvell,https://www.marvell.com/company/careers/,marvell,wd1,page_load
MasTec,https://mastec.com/careers,,,not_found
Mastercard,https://careers.mastercard.com,mastercard,wd1,page_load
McDonald's,https://careers.mcdonalds.com,,,not_found
McKesson,https://careers.mckesson.com,,,not_found
Medline,https://medline.com/careers,,,not_found
Medtronic,https://jobs.medtronic.com,,,"error:Page.goto: net::ERR_CERT_COMMON_NAME_INVALID at https://jobs.medtronic.com/
Call"
Merck,https://jobs.merck.com,msd,wd5,page_load
MetLife,https://jobs.metlife.com,,,"error:Page.goto: Timeout 25000ms exceeded.
Call log:
  - navigating to ""https://jobs.m"
Microchip Technology,https://careers.microchip.com,,,not_found
Micron,https://www.micron.com/careers,micron,wd1,followed:https://careers.micron.com/careers
Mondelez,https://careers.mondelezinternational.com,,,not_found
Monolithic Power,https://www.monolithicpower.com/careers,,,error:Page.content: Unable to retrieve content because the page is navigating and chan
Monster Beverage,https://careers.monsterbevcorp.com,,,"error:Page.goto: net::ERR_NAME_NOT_RESOLVED at https://careers.monsterbevcorp.com/
Cal"
Moody's,https://careers.moodys.com,,,not_found
Morgan Stanley,https://www.morganstanley.com/careers,,,error:Page.goto: net::ERR_HTTP2_PROTOCOL_ERROR at https://www.morganstanley.com/career
Motorola Solutions,https://motorolasolutions.com/careers,motorolasolutions,wd5,page_load
MPLX,https://careers.marathonpetroleum.com,,,"error:Page.goto: net::ERR_NAME_NOT_RESOLVED at https://careers.marathonpetroleum.com/
"
MSCI,https://www.msci.com/careers,,,not_found
Nasdaq,https://nasdaq.com/careers,,,"error:Page.goto: net::ERR_HTTP2_PROTOCOL_ERROR at https://nasdaq.com/careers
Call log:"
Natera,https://natera.com/company/careers,,,not_found
National Grid,https://careers.nationalgrid.com,,,not_found
NatWest,https://www.natwest.com/careers.html,,,not_found
NetApp,https://careers.netapp.com,,,not_found
Netflix,https://jobs.netflix.com/,,,not_found
Newmont,https://newmont.com/careers,,,not_found
NextEra Energy,https://careers.nexteraenergy.com,,,"error:Page.goto: net::ERR_NAME_NOT_RESOLVED at https://careers.nexteraenergy.com/
Call"
Nike,https://nike.wd1.myworkdayjobs.com/nke/,nike,wd1,page_load
Nokia,https://www.nokia.com/about-us/careers/,,,not_found
Norfolk Southern,https://www.nscorp.com/content/nscorp/en/careers.html,,,not_found
Northern Trust,https://careers.northerntrust.com,ntrs,wd1,page_load
Northrop Grumman,https://www.northropgrumman.com/careers/,,,not_found
Novartis,https://www.novartis.com/careers,novartis,wd3,page_load
Novo Nordisk,https://www.novonordisk.com/careers,,,not_found
NRG Energy,https://careers.nrgenergy.com,,,not_found
Nucor,https://careers.nucor.com,,,"error:Page.goto: Timeout 25000ms exceeded.
Call log:
  - navigating to ""https://career"
Nutrien,https://nutrien.com/careers,,,not_found
nVent Electric,https://careers.nvent.com,,,"error:Page.goto: net::ERR_NAME_NOT_RESOLVED at https://careers.nvent.com/
Call log:
  "
NVIDIA,https://www.nvidia.com/en-us/about-nvidia/careers/,,,not_found
NXP Semiconductors,https://careers.nxp.com,,,"error:Page.goto: net::ERR_NAME_NOT_RESOLVED at https://careers.nxp.com/
Call log:
  - "
O'Reilly Automotive,https://careers.oreillyauto.com,oreillyauto,wd1,page_load
Occidental Petroleum,https://www.oxy.com/careers,oxy,wd5,page_load
Old Dominion Freight,https://www.odfl.com/us/en/about-od/careers.html,odfl,wd1,page_load
ON Semiconductor,https://www.onsemi.com/careers,,,not_found
ONEOK,https://www.oneok.com/careers,oneok,wd1,page_load
PACCAR,https://careers.paccar.com,,,"error:Page.goto: net::ERR_NAME_NOT_RESOLVED at https://careers.paccar.com/
Call log:
 "
Palo Alto Networks,https://careers.paloaltonetworks.com,,,"error:Page.goto: net::ERR_NAME_NOT_RESOLVED at https://careers.paloaltonetworks.com/
C"
Parker-Hannifin,https://careers.parker.com,,,"error:Page.goto: net::ERR_NAME_NOT_RESOLVED at https://careers.parker.com/
Call log:
 "
Paychex,https://careers.paychex.com,,,not_found
PayPal,https://careers.pypl.com/,,,not_found
Pembina Pipeline,https://careers.pembina.com,,,not_found
PepsiCo,https://www.pepsicojobs.com,,,not_found
Pfizer,https://www.pfizercareers.com,,,not_found
PG&E,https://careers.pge.com,,,not_found
Philip Morris Intl,https://careers.pmi.com,,,"error:Page.goto: net::ERR_NAME_NOT_RESOLVED at https://careers.pmi.com/
Call log:
  - "
Phillips 66,https://careers.phillips66.com,,,not_found
PNC Financial,https://www.pnc.com/en/about-pnc/careers.html,,,error:Page.goto: net::ERR_HTTP2_PROTOCOL_ERROR at https://www.pnc.com/en/about-pnc/car
Procter & Gamble,https://www.pgcareers.com/us/en,pg,wd5,page_load
Progressive,https://www.progressive.com/careers/,,,not_found
Prologis,https://careers.prologis.com,,,"error:Page.goto: net::ERR_NAME_NOT_RESOLVED at https://careers.prologis.com/
Call log:"
Prudential Financial,https://jobs.prudential.com,pru,wd5,page_load
Public Service Enterprise,https://jobs.pseg.com,,,not_found
Public Storage,https://jobs.publicstorage.com,,,"error:Page.goto: Timeout 25000ms exceeded.
Call log:
  - navigating to ""https://jobs.p"
Qnity Electronics,https://careers.qnityelectronics.com,qnity,wd503,followed:https://careers.qnityelectronics.com/us/en/engineering-landi
Qualcomm,https://careers.qualcomm.com,,,not_found
Quanta Services,https://www.quantaservices.com/careers,,,"error:Page.eval_on_selector_all: TypeError: h.includes is not a function
    at eval ("
Raymond James,https://jobs.raymondjames.com,,,"error:Page.goto: net::ERR_CONNECTION_RESET at https://jobs.raymondjames.com/
Call log:"
Realty Income,https://www.realtyincome.com/careers,realtyincome,wd108,page_load
Regeneron,https://careers.regeneron.com,,,not_found
RELX,https://www.relx.com/careers,,,not_found
Republic Services,https://careers.republicservices.com,,,"error:Page.goto: net::ERR_NAME_NOT_RESOLVED at https://careers.republicservices.com/
C"
ResMed,https://jobs.resmed.com,,,"error:Page.goto: net::ERR_NAME_NOT_RESOLVED at https://jobs.resmed.com/
Call log:
  - "
Restaurant Brands Intl,https://careers.rbi.com,rbi,wd3,followed:https://careers.rbi.com/global/en/c/communications-events-jo
Rio Tinto,https://careers.riotinto.com,,,"error:Page.goto: net::ERR_NAME_NOT_RESOLVED at https://careers.riotinto.com/
Call log:"
Rocket Companies,https://careers.rocket.com,,,not_found
Rocket Lab,https://www.rocketlabusa.com/careers/,,,not_found
Rockwell Automation,https://careers.rockwellautomation.com,,,error:Page.goto: net::ERR_SSL_VERSION_OR_CIPHER_MISMATCH at https://careers.rockwellau
Roper Technologies,https://roper.com/careers,,,"error:Page.goto: net::ERR_CERT_COMMON_NAME_INVALID at https://roper.com/careers
Call l"
Ross Stores,https://jobs.rossstores.com,,,not_found
Royal Bank of Canada,https://jobs.rbc.com,rbc,wd3,followed:https://jobs.rbc.com/ca/en/search-results
Royal Caribbean,https://careers.royalcaribbeangroup.com,,,not_found
Royalty Pharma,https://www.royaltypharma.com/careers,,,not_found
RTX,https://careers.rtx.com,globalhr,wd5,page_load
S&P Global,https://careers.spglobal.com,spgi,wd5,page_load
Sanofi,https://sanofi.com/en/careers,,,not_found
Seagate,https://jobs.seagate.com,,,not_found
Sempra,https://jobs.sempra.com,,,"error:Page.goto: net::ERR_NAME_NOT_RESOLVED at https://jobs.sempra.com/
Call log:
  - "
Shell,https://www.shell.com/careers,shell,wd3,page_load
Sherwin-Williams,https://careers.sherwin-williams.com,,,not_found
Simon Property,https://www.simon.com/careers,,,not_found
SLB (Schlumberger),https://careers.slb.com,,,not_found
Snowflake,https://careers.snowflake.com,,,not_found
Southern Company,https://careers.southerncompany.com,,,"error:Page.goto: net::ERR_NAME_NOT_RESOLVED at https://careers.southerncompany.com/
Ca"
Starbucks,https://careers.starbucks.com,,,not_found
State Street,https://careers.statestreet.com,statestreet,wd1,page_load
Steel Dynamics,https://www.steeldynamics.com/careers,,,"error:Page.goto: Timeout 25000ms exceeded.
Call log:
  - navigating to ""https://www.st"
Sterling Infrastructure,https://sterlingrsg.com/careers,,,not_found
STMicroelectronics,https://www.st.com/content/st_com/en/about/careers.html,,,error:Page.goto: net::ERR_HTTP2_PROTOCOL_ERROR at https://www.st.com/content/st_com/en
Strategy (MicroStrategy),https://www.microstrategy.com/careers,,,not_found
Stryker,https://careers.stryker.com,stryker,wd1,page_load
Sun Life Financial,https://sunlife.com/careers,,,not_found
Sunbelt Rentals,https://careers.sunbeltrentals.com,sunbeltrentals,wd1,page_load
Suncor Energy,https://careers.suncor.com,,,"error:Page.goto: Timeout 25000ms exceeded.
Call log:
  - navigating to ""https://career"
Super Micro Computer,https://careers.supermicro.com,,,"error:Page.goto: net::ERR_NAME_NOT_RESOLVED at https://careers.supermicro.com/
Call lo"
Synopsys,https://www.synopsys.com/company/job-search.html,,,error:Page.content: Unable to retrieve content because the page is navigating and chan
Sysco,https://jobs.sysco.com,,,not_found
T-Mobile,https://careers.t-mobile.com,tmobile,wd1,page_load
Take-Two Interactive,https://careers.take2games.com,,,not_found
Takeda,https://www.takeda.com/en-us/careers,,,not_found
Tapestry,https://careers.tapestry.com,tapestry,wd108,page_load
Targa Resources,https://careers.targaresources.com,,,"error:Page.goto: net::ERR_NAME_NOT_RESOLVED at https://careers.targaresources.com/
Cal"
Target,https://corporate.target.com/careers,target,wd5,page_load
TC Energy,https://careers.tcenergy.com,,,"error:Page.goto: net::ERR_NAME_NOT_RESOLVED at https://careers.tcenergy.com/
Call log:"
TE Connectivity,https://jobs.te.com,,,not_found
TechnipFMC,https://www.technipfmc.com/careers,,,not_found
Teck Resources,https://jobs.teck.com,,,not_found
Teledyne,https://www.teledyne.com/en-us/careers,flir,wd1,page_load
Teradyne,https://jobs.teradyne.com,,,not_found
Teva Pharma,https://careers.teva,,,not_found
Texas Pacific Land,https://texaspacific.com/careers,,,not_found
Thermo Fisher,https://jobs.thermofisher.com,,,not_found
Thomson Reuters,https://careers.thomsonreuters.com,thomsonreuters,wd5,page_load
TJX Companies,https://careers.tjx.com,,,"error:Page.goto: net::ERR_NAME_NOT_RESOLVED at https://careers.tjx.com/
Call log:
  - "
TKO Group,https://tkogroupholdings.com/careers,,,"error:Page.goto: Timeout 25000ms exceeded.
Call log:
  - navigating to ""https://tkogro"
Toronto-Dominion,https://jobs.td.com,td,wd3,page_load
TotalEnergies,https://careers.totalenergies.com,,,not_found
Trane Technologies,https://careers.tranetechnologies.com,tranetechnologies,wd12,page_load
TransDigm,https://www.transdigm.com/careers,,,not_found
Travelers,https://careers.travelers.com,travelers,wd5,page_load
Truist Financial,https://careers.truist.com,truist,wd1,page_load
U.S. Bancorp,https://careers.usbank.com,usbank,wd1,page_load
Ubiquiti,https://www.ui.com/careers/,,,not_found
UBS Group,https://www.ubs.com/global/en/careers.html,,,not_found
Unilever,https://careers.unilever.com,unilever,wd3,page_load
Union Pacific,https://up.jobs,,,not_found
United Airlines,https://careers.united.com,,,not_found
United Rentals,https://jobs.ur.com,,,"error:Page.goto: net::ERR_NAME_NOT_RESOLVED at https://jobs.ur.com/
Call log:
  - navi"
UnitedHealth (Optum),https://careers.unitedhealthgroup.com,,,not_found
UPS,https://www.jobs-ups.com,,,not_found
Valero Energy,https://careers.valero.com,,,"error:Page.goto: net::ERR_NAME_NOT_RESOLVED at https://careers.valero.com/
Call log:
 "
Ventas,https://www.ventasreit.com/careers,ventas,wd503,page_load
Venture Global,https://ventureglobal.com/careers,,,not_found
VeriSign,https://www.verisign.com/en_US/company-information/careers/,,,not_found
Verizon,https://mycareer.verizon.com,verizon,wd12,followed:https://mycareer.verizon.com/#main-content
Vertex Pharma,https://www.vrtx.com/careers,,,not_found
VICI Properties,https://viciproperties.com/careers,,,not_found
Viking Holdings,https://www.vikingcruises.com/careers,,,not_found
Vistra,https://vistra.com/careers,,,not_found
Vodafone,https://careers.vodafone.com,,,not_found
Vulcan Materials,https://www.vulcanmaterials.com/careers,,,not_found
W.W. Grainger,https://jobs.grainger.com,,,not_found
Wabtec,https://careers.wabtec.com,,,not_found
Walmart,https://careers.walmart.com,,,not_found
Walt Disney,https://jobs.disneycareers.com,,,not_found
Warner Bros Discovery,https://careers.wbd.com,warnerbros,wd5,followed:https://careers.wbd.com/global/en/search-results
Waste Connections,https://careers.wasteconnections.com,,,not_found
Waste Management,https://careers.wm.com,,,not_found
Waters,https://careers.waters.com,,,"error:Page.goto: net::ERR_NAME_NOT_RESOLVED at https://careers.waters.com/
Call log:
 "
WEC Energy,https://careers.wecenergygroup.com,,,not_found
Wells Fargo,https://www.wellsfargo.com/about/careers/,,,not_found
Welltower,https://welltower.com/careers,,,not_found
Western Digital,https://www.westerndigital.com/company/careers,,,not_found
Wheaton Precious Metals,https://www.wheatonpm.com/careers,,,not_found
Williams Companies,https://careers.williams.com,,,"error:Page.goto: net::ERR_NAME_NOT_RESOLVED at https://careers.williams.com/
Call log:"
Woodside Energy,https://www.woodside.com/careers,,,not_found
Workday,https://www.workday.com/en-us/company/careers.html,workday,wd5,page_load
Xcel Energy,https://www.xcelenergy.com/careers,xcelenergy,wd1,page_load
Yum! Brands,https://careers.yum.com,,,"error:Page.goto: net::ERR_NAME_NOT_RESOLVED at https://careers.yum.com/
Call log:
  - "
Zoetis,https://careers.zoetis.com,zoetis,wd5,page_load
Zoom,https://careers.zoom.us,,,not_found
